Datetime,Unnamed: 0,Tweet Id,Text,Username,User Location,Reply Count,Retweet Count,Like Count,Quote Count,compound,neg,neu,pos,Year,Month,Day,Weekday Name,date,yearMonth,cleanTweet,temp_list,Sentiment Label
2020-12-27 22:08:13+00:00,0,1343317791483559937,"‚ÄòFertile Ground‚Äô Explores How Jackson, Mississippi, Is Charting a Better Food Future https://t.co/VC4lMf8JGD",komala_hayes,,0,1,2,0,0.4404,0.0,0.805,0.195,2020,12,27,Sunday,2020-12-27,2020-12, fertile ground explores how jackson mississippi is charting a better food future ,"['fertile', 'ground', 'explores', 'jackson', 'mississippi', 'charting', 'better', 'food', 'future']",positive
2020-07-13 05:38:10+00:00,1,1282549864392425472,"‚ÄòFertile Ground‚Äô Explores How Jackson, Mississippi, Is Charting a Better Food Future https://t.co/K9SdO9lJj6",DisbldUrbanFarm,"Kalamazoo, MI",0,0,0,0,0.4404,0.0,0.805,0.195,2020,7,13,Monday,2020-07-13,2020-07, fertile ground explores how jackson mississippi is charting a better food future ,"['fertile', 'ground', 'explores', 'jackson', 'mississippi', 'charting', 'better', 'food', 'future']",positive
2020-07-12 17:28:00+00:00,2,1282366111032455168,"""'Fertile Ground' Explores How Jackson, Mississippi, Is Charting a Better Food Future"" via @CivilEats https://t.co/e62xDTDCPq",hollowearths,"Queens, NY",0,0,4,0,0.4404,0.0,0.828,0.172,2020,7,12,Sunday,2020-07-12,2020-07, fertile ground explores how jackson mississippi is charting a better food future via civileats ,"['fertile', 'ground', 'explores', 'jackson', 'mississippi', 'charting', 'better', 'food', 'future', 'via', 'civileats']",positive
2020-06-22 12:10:20+00:00,4,1275038407677415427,"‚ÄòFertile Ground‚Äô Explores How Jackson, Mississippi, Is Charting a Better Food Future https://t.co/LtBoTFsXhR",DavidDuguid27,,0,0,0,0,0.4404,0.0,0.805,0.195,2020,6,22,Monday,2020-06-22,2020-06, fertile ground explores how jackson mississippi is charting a better food future ,"['fertile', 'ground', 'explores', 'jackson', 'mississippi', 'charting', 'better', 'food', 'future']",positive
2020-06-19 14:35:58+00:00,5,1273987896450732032,"Looking forward to watching Fertile Ground about Jackson, Mississippi, we need #foodjustice everywhere now more than ever
https://t.co/whO2TxH6p5",alicetahi,"Cardiff, Wales",0,0,2,0,0.0,0.0,1.0,0.0,2020,6,19,Friday,2020-06-19,2020-06,looking forward to watching fertile ground about jackson mississippi we need foodjustice everywhere now more than ever ,"['looking', 'forward', 'watching', 'fertile', 'ground', 'jackson', 'mississippi', 'need', 'foodjustice', 'everywhere', 'ever']",neutral
2020-06-19 05:38:13+00:00,6,1273852564950433793,"‚ÄòFertile Ground‚Äô Explores how Jackson, Mississippi, Is Charting a Better Food Future https://t.co/K9SdO9lJj6",DisbldUrbanFarm,"Kalamazoo, MI",0,0,1,0,0.4404,0.0,0.805,0.195,2020,6,19,Friday,2020-06-19,2020-06, fertile ground explores how jackson mississippi is charting a better food future ,"['fertile', 'ground', 'explores', 'jackson', 'mississippi', 'charting', 'better', 'food', 'future']",positive
2020-06-16 02:58:26+00:00,8,1272725191488163841,"‚ÄòFertile Ground‚Äô Explores How Jackson, Mississippi, Is Charting a Better Food Future | Civil Eats https://t.co/LSNebZq97j",HbcuProf,"Atlanta, GA",0,6,14,1,0.4404,0.0,0.838,0.162,2020,6,16,Tuesday,2020-06-16,2020-06, fertile ground explores how jackson mississippi is charting a better food future civil eats ,"['fertile', 'ground', 'explores', 'jackson', 'mississippi', 'charting', 'better', 'food', 'future', 'civil', 'eats']",positive
2020-06-15 00:10:00+00:00,9,1272320417475096578,"‚ÄòFertile Ground‚Äô Explores How Jackson, Mississippi, Is Charting a Better Food Future    
https://t.co/p1rLi2Unos",dinamarinas,,0,0,1,0,0.4404,0.0,0.805,0.195,2020,6,15,Monday,2020-06-15,2020-06, fertile ground explores how jackson mississippi is charting a better food future ,"['fertile', 'ground', 'explores', 'jackson', 'mississippi', 'charting', 'better', 'food', 'future']",positive
2020-06-14 13:43:08+00:00,10,1272162660633571328,"‚ÄòFertile Ground‚Äô Explores How Jackson, Mississippi, Is Charting a Better Food Future | ‚ÄúIn many respects, food is love in our communities. Food is a reflection of how we demonstrate our appreciation for people.‚Äù ‚Å¶@CivilEats‚Å©  https://t.co/CMRvFoeNrh",Dan_Adelman1,"Cowichan Valley, B.C.",0,1,7,0,0.9136,0.0,0.716,0.284,2020,6,14,Sunday,2020-06-14,2020-06, fertile ground explores how jackson mississippi is charting a better food future in many respects food is love in our communities food is a reflection of how we demonstrate our appreciation for people civileats ,"['fertile', 'ground', 'explores', 'jackson', 'mississippi', 'charting', 'better', 'food', 'future', 'many', 'respects', 'food', 'love', 'communities', 'food', 'reflection', 'demonstrate', 'appreciation', 'people', 'civileats']",positive
2020-06-11 23:06:42+00:00,11,1271217320816521216,"‚ÄòFertile Ground‚Äô Explores How Jackson, Mississippi, Is Charting a Better Food Future | Civil Eats https://t.co/AoxdpzcPke",ZulaQi,,0,0,0,0,0.4404,0.0,0.838,0.162,2020,6,11,Thursday,2020-06-11,2020-06, fertile ground explores how jackson mississippi is charting a better food future civil eats ,"['fertile', 'ground', 'explores', 'jackson', 'mississippi', 'charting', 'better', 'food', 'future', 'civil', 'eats']",positive
2020-06-11 05:40:25+00:00,12,1270954016667832320,"‚ÄòFertile Ground‚Äô Explores how Jackson, Mississippi, Is Charting a Better Food Future https://t.co/K9SdO9lJj6",DisbldUrbanFarm,"Kalamazoo, MI",0,0,0,0,0.4404,0.0,0.805,0.195,2020,6,11,Thursday,2020-06-11,2020-06, fertile ground explores how jackson mississippi is charting a better food future ,"['fertile', 'ground', 'explores', 'jackson', 'mississippi', 'charting', 'better', 'food', 'future']",positive
2020-06-10 22:16:19+00:00,13,1270842256661110785,"'‚ÄòFertile Ground‚Äô Explores How Jackson, Mississippi, Is Charting a Better Food Future' | The new documentary‚Äîand a city-wide public art project‚Äîaddresses redlining, income inequality, and structural racism through the lens of food. via Civil Eats - https://t.co/vWHGdSO5w1",MrOkra,New York/Brazil,0,0,0,0,-0.296,0.098,0.833,0.069,2020,6,10,Wednesday,2020-06-10,2020-06, fertile ground explores how jackson mississippi is charting a better food future the new documentary and a city wide public art project addresses redlining income inequality and structural racism through the lens of food via civil eats ,"['fertile', 'ground', 'explores', 'jackson', 'mississippi', 'charting', 'better', 'food', 'future', 'new', 'documentary', 'city', 'wide', 'public', 'art', 'project', 'addresses', 'redlining', 'income', 'inequality', 'structural', 'racism', 'lens', 'food', 'via', 'civil', 'eats']",negative
2020-06-10 19:22:03+00:00,14,1270798400603262977,"‚ÄòFertile Ground‚Äô Explores How Jackson, Mississippi, Is Charting a Better Food Future | Civil Eats https://t.co/YuxPlqzzKf, see more https://t.co/AQWlQSgzxn",TT_Organic,,0,0,0,0,0.4404,0.0,0.861,0.139,2020,6,10,Wednesday,2020-06-10,2020-06, fertile ground explores how jackson mississippi is charting a better food future civil eats see more ,"['fertile', 'ground', 'explores', 'jackson', 'mississippi', 'charting', 'better', 'food', 'future', 'civil', 'eats', 'see']",positive
2020-06-10 19:22:03+00:00,15,1270798399047110658,"Top story: ‚ÄòFertile Ground‚Äô Explores How Jackson, Mississippi, Is Charting a Better Food Future | Civil Eats https://t.co/HPh9FkynaO, see more https://t.co/Gueoi0QDMZ",Personal_editio,,0,0,0,0,0.5719,0.0,0.802,0.198,2020,6,10,Wednesday,2020-06-10,2020-06,top story fertile ground explores how jackson mississippi is charting a better food future civil eats see more ,"['top', 'story', 'fertile', 'ground', 'explores', 'jackson', 'mississippi', 'charting', 'better', 'food', 'future', 'civil', 'eats', 'see']",positive
2020-06-10 19:22:03+00:00,16,1270798397906264066,"Top story: ‚ÄòFertile Ground‚Äô Explores How Jackson, Mississippi, Is Charting a Better Food Future | Civil Eats https://t.co/P9F4ot4jj0, see more https://t.co/SkqtUpGgat",wflo,California,0,0,0,0,0.5719,0.0,0.802,0.198,2020,6,10,Wednesday,2020-06-10,2020-06,top story fertile ground explores how jackson mississippi is charting a better food future civil eats see more ,"['top', 'story', 'fertile', 'ground', 'explores', 'jackson', 'mississippi', 'charting', 'better', 'food', 'future', 'civil', 'eats', 'see']",positive
2020-06-10 19:22:02+00:00,17,1270798394597019648,"Top story: ‚ÄòFertile Ground‚Äô Explores How Jackson, Mississippi, Is Charting a Better Food Future | Civil Eats https://t.co/7c2TEZZJgH, see more https://t.co/auRcW7er8x",FiyyazAhmed_06,WORLDWIDEüåç,0,0,0,0,0.5719,0.0,0.802,0.198,2020,6,10,Wednesday,2020-06-10,2020-06,top story fertile ground explores how jackson mississippi is charting a better food future civil eats see more ,"['top', 'story', 'fertile', 'ground', 'explores', 'jackson', 'mississippi', 'charting', 'better', 'food', 'future', 'civil', 'eats', 'see']",positive
2020-06-10 17:37:57+00:00,18,1270772203433259008,"‚ÄòFertile Ground‚Äô Explores How Jackson, Mississippi, Is Charting a Better Food Future https://t.co/BFZL89V3pr https://t.co/4v0SAmOwn2",OccuWorld,Earth,0,0,1,0,0.4404,0.0,0.818,0.182,2020,6,10,Wednesday,2020-06-10,2020-06, fertile ground explores how jackson mississippi is charting a better food future ,"['fertile', 'ground', 'explores', 'jackson', 'mississippi', 'charting', 'better', 'food', 'future']",positive
2020-06-10 14:34:35+00:00,20,1270726056186535942,"Fertile Ground shows how historic redlining resulted in the mostly Black and impoverished neighborhood of South Jackson, Mississippi having few grocery stores but several convenience stores with low-quality food. via @CivilEats  https://t.co/g1YLZ5GWf7",oneearth,,0,0,6,0,0.0,0.0,1.0,0.0,2020,6,10,Wednesday,2020-06-10,2020-06,fertile ground shows how historic redlining resulted in the mostly black and impoverished neighborhood of south jackson mississippi having few grocery stores but several convenience stores with low quality food via civileats ,"['fertile', 'ground', 'shows', 'historic', 'redlining', 'resulted', 'mostly', 'black', 'impoverished', 'neighborhood', 'south', 'jackson', 'mississippi', 'grocery', 'stores', 'several', 'convenience', 'stores', 'low', 'quality', 'food', 'via', 'civileats']",neutral
2020-06-10 11:03:03+00:00,21,1270672821308424194,"‚ÄòFertile Ground‚Äô Explores how Jackson, Mississippi, Is Charting a Better Food Future https://t.co/yXl8Jgo4wS via @civileats",sugaredmagnolia,Utah,0,0,0,0,0.4404,0.0,0.828,0.172,2020,6,10,Wednesday,2020-06-10,2020-06, fertile ground explores how jackson mississippi is charting a better food future via civileats,"['fertile', 'ground', 'explores', 'jackson', 'mississippi', 'charting', 'better', 'food', 'future', 'via', 'civileats']",positive
2020-06-10 10:31:09+00:00,22,1270664794765484034,"‚ÄòFertile Ground‚Äô Explores how Jackson, Mississippi, Is Charting a Better Food Future | Civil¬†Eats https://t.co/wcLdmGrsas",WaYs2rOcK,"New Delhi, India",0,0,0,0,0.4404,0.0,0.838,0.162,2020,6,10,Wednesday,2020-06-10,2020-06, fertile ground explores how jackson mississippi is charting a better food future civil eats ,"['fertile', 'ground', 'explores', 'jackson', 'mississippi', 'charting', 'better', 'food', 'future', 'civil', 'eats']",positive
2020-06-10 09:26:05+00:00,23,1270648421272125440,"‚ÄòFertile Ground‚Äô Explores how Jackson, Mississippi, Is Charting a Better Food Future https://t.co/dKsuwin37X",GreeninDenver,"Denver, Colorado",0,0,0,0,0.4404,0.0,0.805,0.195,2020,6,10,Wednesday,2020-06-10,2020-06, fertile ground explores how jackson mississippi is charting a better food future ,"['fertile', 'ground', 'explores', 'jackson', 'mississippi', 'charting', 'better', 'food', 'future']",positive
2020-02-26 17:15:41+00:00,24,1232715871937794050,"Check out ""Fertile Ground Expo Weekend"" - #Jackson #Mississippi  https://t.co/fRC83x7psM @Eventbrite",BoiJuanda,"Jackson, MS",0,0,0,0,0.0,0.0,1.0,0.0,2020,2,26,Wednesday,2020-02-26,2020-02,check out fertile ground expo weekend jackson mississippi eventbrite,"['check', 'fertile', 'ground', 'expo', 'weekend', 'jackson', 'mississippi', 'eventbrite']",neutral
2020-02-21 21:17:57+00:00,25,1230964902740840449,"You are invited to participate in the The Fertile Ground Project Expo this spring April 9th - 11th in Jackson, Mississippi!

Register here: https://t.co/Aw1cBDBvK3

#thisisfertileground #farmtotable #mississippi #foodpolicy #foodinsecurity #foodaccess #jxnms https://t.co/bTImq4odZd",_fertileground_,"Jackson, MS",1,3,6,1,0.0,0.0,1.0,0.0,2020,2,21,Friday,2020-02-21,2020-02,you are invited to participate in the the fertile ground project expo this spring april   in jackson mississippi register here thisisfertileground farmtotable mississippi foodpolicy foodinsecurity foodaccess jxnms ,"['invited', 'participate', 'fertile', 'ground', 'project', 'expo', 'spring', 'april', 'jackson', 'mississippi', 'register', 'thisisfertileground', 'farmtotable', 'mississippi', 'foodpolicy', 'foodinsecurity', 'foodaccess', 'jxnms']",neutral
2019-11-01 13:46:19+00:00,26,1190263804996784128,"@sustainableag @RIFPC Keep fighting the good fight! We thank you &amp; look forward to learning more about the Office of Urban Ag. Our project recently started the first chemical free urban farm in Jackson, Mississippi called Fertile Ground Farms. We‚Äôre working on organic certification over the next 3 yrs",_fertileground_,"Jackson, MS",0,0,1,0,0.5983,0.088,0.757,0.155,2019,11,1,Friday,2019-11-01,2019-11, sustainableag rifpc keep fighting the good fight we thank you amp look forward to learning more about the office of urban ag our project recently started the first chemical free urban farm in jackson mississippi called fertile ground farms we re working on organic certification over the next  yrs,"['sustainableag', 'rifpc', 'keep', 'fighting', 'good', 'fight', 'thank', 'look', 'forward', 'learning', 'office', 'urban', 'ag', 'project', 'recently', 'started', 'first', 'chemical', 'free', 'urban', 'farm', 'jackson', 'mississippi', 'called', 'fertile', 'ground', 'farms', 'working', 'organic', 'certification', 'next', 'yrs']",positive
2019-09-10 17:28:58+00:00,27,1171475667734552577,"@yumcoconutmilk In Jackson, Mississippi we‚Äôre working on a public art project centered around food called Fertile Ground @_fertileground_  to learn more visit https://t.co/Cgc0FGUC0T",_salamrida,"Jackson, MS",0,0,3,0,0.0,0.0,1.0,0.0,2019,9,10,Tuesday,2019-09-10,2019-09, yumcoconutmilk in jackson mississippi we re working on a public art project centered around food called fertile ground fertileground to learn more visit ,"['yumcoconutmilk', 'jackson', 'mississippi', 'working', 'public', 'art', 'project', 'centered', 'around', 'food', 'called', 'fertile', 'ground', 'fertileground', 'learn', 'visit']",neutral
2021-03-15 16:45:25+00:00,30,1371502806746734594,"Help bring relief to Jackson, Mississippi (whose residents have lost access to clean water) by donating to @WCKitchen. Any little bit will help!
#food #hunger #charity",TheTeaInMe,,0,0,0,0,0.8667,0.115,0.509,0.376,2021,3,15,Monday,2021-03-15,2021-03,help bring relief to jackson mississippi whose residents have lost access to clean water by donating to wckitchen any little bit will help food hunger charity,"['help', 'bring', 'relief', 'jackson', 'mississippi', 'whose', 'residents', 'lost', 'access', 'clean', 'water', 'donating', 'wckitchen', 'little', 'bit', 'help', 'food', 'hunger', 'charity']",positive
2021-03-01 18:57:33+00:00,31,1366462630366445576,"Texas remember last week when we lost access to all ‚Äúbasic resources‚Äù like electricity, water and food? Jackson Mississippi still has no running water. Y‚Äôall see how easily these things we look at as ‚Äúneeds‚Äù can be taken away from us in an instant? Stay ready.",PrideOfTheChi,"Outwest, IL",0,0,1,0,0.504,0.084,0.77,0.146,2021,3,1,Monday,2021-03-01,2021-03,texas remember last week when we lost access to all basic resources like electricity water and food jackson mississippi still has no running water y all see how easily these things we look at as needs can be taken away from us in an instant stay ready ,"['texas', 'remember', 'last', 'week', 'lost', 'access', 'basic', 'resources', 'like', 'electricity', 'water', 'food', 'jackson', 'mississippi', 'still', 'running', 'water', 'see', 'easily', 'things', 'look', 'needs', 'taken', 'away', 'us', 'instant', 'stay', 'ready']",positive
2020-09-14 23:06:56+00:00,32,1305644230677868546,"Meet #WANDAWoman Cindy Ayers-Elliott of Foot Print Farms in Jackson, Mississippi. It has been a catalyst for healthy food in the inner city, seeking to give access to a new way of life for thousands of Mississippians. #foodshero #IamWANDA #sdg5 #sdg2

https://t.co/s2jZC2HvGk",IamWANDAorg,Africa | Americas,0,1,1,0,0.4019,0.0,0.938,0.062,2020,9,14,Monday,2020-09-14,2020-09,meet wandawoman cindy ayers elliott of foot print farms in jackson mississippi it has been a catalyst for healthy food in the inner city seeking to give access to a new way of life for thousands of mississippians foodshero iamwanda   ,"['meet', 'wandawoman', 'cindy', 'ayers', 'elliott', 'foot', 'print', 'farms', 'jackson', 'mississippi', 'catalyst', 'healthy', 'food', 'inner', 'city', 'seeking', 'give', 'access', 'new', 'way', 'life', 'thousands', 'mississippians', 'foodshero', 'iamwanda']",positive
2020-07-24 17:18:35+00:00,33,1286712394937511941,"Foot Print Farms has been a catalyst for healthy food in the inner city of Jackson, Mississippi, seeking to give access to a new way of life for thousands of Mississippians.
https://t.co/rScxPpKLc4 https://t.co/JYWtaF8f0H",NRCS_MS,"Jackson, MS",0,1,1,0,0.4019,0.0,0.922,0.078,2020,7,24,Friday,2020-07-24,2020-07,foot print farms has been a catalyst for healthy food in the inner city of jackson mississippi seeking to give access to a new way of life for thousands of mississippians ,"['foot', 'print', 'farms', 'catalyst', 'healthy', 'food', 'inner', 'city', 'jackson', 'mississippi', 'seeking', 'give', 'access', 'new', 'way', 'life', 'thousands', 'mississippians']",positive
2020-07-24 16:25:47+00:00,34,1286699109093531648,"Foot Print Farms has been a catalyst for healthy food in the inner city of Jackson, Mississippi, seeking to give access to a new way of life for thousands of Mississippians. https://t.co/jiUVxWNx2s #FridaysOnTheFarm #OurFarmers https://t.co/PsESu7igE2",FarmersGov,,0,10,13,1,0.4019,0.0,0.926,0.074,2020,7,24,Friday,2020-07-24,2020-07,foot print farms has been a catalyst for healthy food in the inner city of jackson mississippi seeking to give access to a new way of life for thousands of mississippians fridaysonthefarm ourfarmers ,"['foot', 'print', 'farms', 'catalyst', 'healthy', 'food', 'inner', 'city', 'jackson', 'mississippi', 'seeking', 'give', 'access', 'new', 'way', 'life', 'thousands', 'mississippians', 'fridaysonthefarm', 'ourfarmers']",positive
2020-06-11 03:47:02+00:00,36,1270925483958558731,my friends made a documentary about food access in jackson mississippi please watch https://t.co/y1LlIl752y,dentmay,po box 421542 la ca 90042,0,18,86,1,0.6597,0.0,0.69,0.31,2020,6,11,Thursday,2020-06-11,2020-06,my friends made a documentary about food access in jackson mississippi please watch ,"['friends', 'made', 'documentary', 'food', 'access', 'jackson', 'mississippi', 'please', 'watch']",positive
2019-03-29 15:54:54+00:00,37,1111657997292445696,"What to know, how to go! Food Truck Mash-Up tomorrow in Jackson, Mississippi. 12PM Early Access. 130PM General Admission. https://t.co/G7HFvuAPIH @clarionledger #foodtruckmashup",FoodTruckMashUp,ALL OVER USA,0,0,0,0,0.0,0.0,1.0,0.0,2019,3,29,Friday,2019-03-29,2019-03,what to know how to go food truck mash up tomorrow in jackson mississippi  early access  general admission clarionledger foodtruckmashup,"['know', 'go', 'food', 'truck', 'mash', 'tomorrow', 'jackson', 'mississippi', 'early', 'access', 'general', 'admission', 'clarionledger', 'foodtruckmashup']",neutral
2018-12-20 17:30:35+00:00,38,1075805675966603264,"Two @TaubmanCollege graduates have secured a $1 million grant for the city of Jackson, Mississippi. Learn more about the pair‚Äôs plans for a brand new mural that will bring vibrancy to a public space whilst also informing policy on issues of food access: https://t.co/2yinbZ1zWq https://t.co/a6M8xZv8Jz",LeadersandBest,"Ann Arbor, MI",0,0,3,0,0.6369,0.0,0.892,0.108,2018,12,20,Thursday,2018-12-20,2018-12,two taubmancollege graduates have secured a  million grant for the city of jackson mississippi learn more about the pair s plans for a brand new mural that will bring vibrancy to a public space whilst also informing policy on issues of food access ,"['two', 'taubmancollege', 'graduates', 'secured', 'million', 'grant', 'city', 'jackson', 'mississippi', 'learn', 'pair', 'plans', 'brand', 'new', 'mural', 'bring', 'vibrancy', 'public', 'space', 'whilst', 'also', 'informing', 'policy', 'issues', 'food', 'access']",positive
2018-12-03 00:47:10+00:00,40,1069392564774739968,"A $1 million grant will support a city-wide project about improving access to healthy food. Read More Jackson, Mississippi, Named Winner of Bloomberg Philanthropies&amp;#8217;s 2018 Public Art Challenge https://t.co/5KLdViAMqq via @artnewsmag #urbanag #foodaccess @RonFinleyHQ",SmallFarmz,wormville,0,0,4,0,0.93,0.0,0.639,0.361,2018,12,3,Monday,2018-12-03,2018-12,a  million grant will support a city wide project about improving access to healthy food read more jackson mississippi named winner of bloomberg philanthropies amp  s  public art challenge via artnewsmag urbanag foodaccess ronfinleyhq,"['million', 'grant', 'support', 'city', 'wide', 'project', 'improving', 'access', 'healthy', 'food', 'read', 'jackson', 'mississippi', 'named', 'winner', 'bloomberg', 'philanthropies', 'public', 'art', 'challenge', 'via', 'artnewsmag', 'urbanag', 'foodaccess', 'ronfinleyhq']",positive
2018-11-29 19:04:15+00:00,42,1068219101573722113,"Congratulations to JSU! A $1 million grant will support a city-wide project about improving access to healthy food. Read More Jackson, Mississippi, Named Winner of Bloomberg Philanthropies&amp;#8217;s 2018 Public Art Challenge https://t.co/GLtnyh5xuR via @artnewsmag",maxxgreenleaf,Mississippi,0,0,0,0,0.9583,0.0,0.575,0.425,2018,11,29,Thursday,2018-11-29,2018-11,congratulations to jsu a  million grant will support a city wide project about improving access to healthy food read more jackson mississippi named winner of bloomberg philanthropies amp  s  public art challenge via artnewsmag,"['congratulations', 'jsu', 'million', 'grant', 'support', 'city', 'wide', 'project', 'improving', 'access', 'healthy', 'food', 'read', 'jackson', 'mississippi', 'named', 'winner', 'bloomberg', 'philanthropies', 'public', 'art', 'challenge', 'via', 'artnewsmag']",positive
2018-11-22 02:15:08+00:00,43,1065428436272013312,"U.S. Senate candidate Mike Espy discussed his positions on public education and college, healthy food access and healthcare, and borders and the fate of DREAMers during a forum at New Horizon Church in west Jackson. #Mississippi #JXN #msedu #mselex #mssen https://t.co/RoPCRUgPM4 https://t.co/plQdKo849f",JxnFreePress,"Jackson, Mississippi",1,18,19,0,0.4019,0.0,0.938,0.062,2018,11,22,Thursday,2018-11-22,2018-11,u s senate candidate mike espy discussed his positions on public education and college healthy food access and healthcare and borders and the fate of dreamers during a forum at new horizon church in west jackson mississippi jxn msedu mselex mssen ,"['u', 'senate', 'candidate', 'mike', 'espy', 'discussed', 'positions', 'public', 'education', 'college', 'healthy', 'food', 'access', 'healthcare', 'borders', 'fate', 'dreamers', 'forum', 'new', 'horizon', 'church', 'west', 'jackson', 'mississippi', 'jxn', 'msedu', 'mselex', 'mssen']",positive
2018-11-20 22:05:14+00:00,44,1065003157900746752,"U.S. Senate candidate Mike Espy discussed his positions on public education and college, healthy food access and healthcare, and borders and the fate of DREAMers during a forum at New Horizon Church in west Jackson. #Mississippi #JXN #msedu #mselex #mssen https://t.co/RoPCRUgPM4 https://t.co/j5h5crwEqp",JxnFreePress,"Jackson, Mississippi",0,0,0,0,0.4019,0.0,0.938,0.062,2018,11,20,Tuesday,2018-11-20,2018-11,u s senate candidate mike espy discussed his positions on public education and college healthy food access and healthcare and borders and the fate of dreamers during a forum at new horizon church in west jackson mississippi jxn msedu mselex mssen ,"['u', 'senate', 'candidate', 'mike', 'espy', 'discussed', 'positions', 'public', 'education', 'college', 'healthy', 'food', 'access', 'healthcare', 'borders', 'fate', 'dreamers', 'forum', 'new', 'horizon', 'church', 'west', 'jackson', 'mississippi', 'jxn', 'msedu', 'mselex', 'mssen']",positive
2018-11-19 17:54:18+00:00,45,1064577621281959943,"RT JxnFreePress: U.S. Senate candidate Mike Espy discussed his positions on public education and college, healthy food access and healthcare, and borders and the fate of DREAMers during a forum at New Horizon Church in west Jackson. #Mississippi #JXN #ms‚Ä¶ https://t.co/8TN73QXunD",hollywoodprogre,"Hollywood, CA",0,0,0,0,0.4019,0.0,0.937,0.063,2018,11,19,Monday,2018-11-19,2018-11,rt jxnfreepress u s senate candidate mike espy discussed his positions on public education and college healthy food access and healthcare and borders and the fate of dreamers during a forum at new horizon church in west jackson mississippi jxn ms ,"['rt', 'jxnfreepress', 'u', 'senate', 'candidate', 'mike', 'espy', 'discussed', 'positions', 'public', 'education', 'college', 'healthy', 'food', 'access', 'healthcare', 'borders', 'fate', 'dreamers', 'forum', 'new', 'horizon', 'church', 'west', 'jackson', 'mississippi', 'jxn', 'ms']",positive
2018-11-19 14:01:16+00:00,46,1064518978041798663,"U.S. Senate candidate Mike Espy discussed his positions on public education and college, healthy food access and healthcare, and borders and the fate of DREAMers during a forum at New Horizon Church in west Jackson. #Mississippi #JXN #msedu #mselex #mssen https://t.co/RoPCRUgPM4 https://t.co/ndqcZzyDno",JxnFreePress,"Jackson, Mississippi",4,40,45,0,0.4019,0.0,0.938,0.062,2018,11,19,Monday,2018-11-19,2018-11,u s senate candidate mike espy discussed his positions on public education and college healthy food access and healthcare and borders and the fate of dreamers during a forum at new horizon church in west jackson mississippi jxn msedu mselex mssen ,"['u', 'senate', 'candidate', 'mike', 'espy', 'discussed', 'positions', 'public', 'education', 'college', 'healthy', 'food', 'access', 'healthcare', 'borders', 'fate', 'dreamers', 'forum', 'new', 'horizon', 'church', 'west', 'jackson', 'mississippi', 'jxn', 'msedu', 'mselex', 'mssen']",positive
2018-11-17 16:00:25+00:00,47,1063824184487411712,"U.S. Senate candidate Mike Espy discussed his positions on public education and college, healthy food access and healthcare, and borders and the fate of DREAMers during a forum at New Horizon Church in west Jackson. #Mississippi #JXN #msedu #mselex #mssen https://t.co/RoPCRUgPM4 https://t.co/tBE5fjC9Js",JxnFreePress,"Jackson, Mississippi",0,0,3,0,0.4019,0.0,0.938,0.062,2018,11,17,Saturday,2018-11-17,2018-11,u s senate candidate mike espy discussed his positions on public education and college healthy food access and healthcare and borders and the fate of dreamers during a forum at new horizon church in west jackson mississippi jxn msedu mselex mssen ,"['u', 'senate', 'candidate', 'mike', 'espy', 'discussed', 'positions', 'public', 'education', 'college', 'healthy', 'food', 'access', 'healthcare', 'borders', 'fate', 'dreamers', 'forum', 'new', 'horizon', 'church', 'west', 'jackson', 'mississippi', 'jxn', 'msedu', 'mselex', 'mssen']",positive
2018-11-16 20:44:53+00:00,48,1063533387359637504,"U.S. Senate candidate Mike Espy discussed his positions on public education and college, healthy food access and healthcare, and borders and the fate of DREAMers during a forum at New Horizon Church in west Jackson. #Mississippi #JXN #msedu #mselex #mssen https://t.co/RoPCRUgPM4 https://t.co/dnDzwQ8j52",JxnFreePress,"Jackson, Mississippi",1,5,5,3,0.4019,0.0,0.938,0.062,2018,11,16,Friday,2018-11-16,2018-11,u s senate candidate mike espy discussed his positions on public education and college healthy food access and healthcare and borders and the fate of dreamers during a forum at new horizon church in west jackson mississippi jxn msedu mselex mssen ,"['u', 'senate', 'candidate', 'mike', 'espy', 'discussed', 'positions', 'public', 'education', 'college', 'healthy', 'food', 'access', 'healthcare', 'borders', 'fate', 'dreamers', 'forum', 'new', 'horizon', 'church', 'west', 'jackson', 'mississippi', 'jxn', 'msedu', 'mselex', 'mssen']",positive
2021-08-09 21:37:56+00:00,49,1424847437919830019,"Local food systems are building a healthier future in Jackson, Mississippi through the efforts of @_FertileGround_ to address food insecurity in under-served communities. #FoodCitiesFuture #PublicArtChallenge
https://t.co/nMNlmAwsT4",GlobalCitiesOrg,"Manhattan, NY",0,0,3,0,-0.4215,0.101,0.899,0.0,2021,8,9,Monday,2021-08-09,2021-08,local food systems are building a healthier future in jackson mississippi through the efforts of fertileground to address food insecurity in under served communities foodcitiesfuture publicartchallenge ,"['local', 'food', 'systems', 'building', 'healthier', 'future', 'jackson', 'mississippi', 'efforts', 'fertileground', 'address', 'food', 'insecurity', 'served', 'communities', 'foodcitiesfuture', 'publicartchallenge']",negative
2021-06-28 19:21:56+00:00,50,1409592923256152074,"Alumni Travis Crabtree and @_salamrida founded the urban design studio Carbon Office in Jackson, #Mississippi. They focused on long-term #planning initiatives and creative #placemaking that address systemic issues like food insecurity and urban mobility.

https://t.co/pftxJsb58w https://t.co/6xpRDGFOus",TaubmanCollege,"Ann Arbor, MI",0,2,5,2,0.6369,0.065,0.748,0.187,2021,6,28,Monday,2021-06-28,2021-06,alumni travis crabtree and salamrida founded the urban design studio carbon office in jackson mississippi they focused on long term planning initiatives and creative placemaking that address systemic issues like food insecurity and urban mobility ,"['alumni', 'travis', 'crabtree', 'salamrida', 'founded', 'urban', 'design', 'studio', 'carbon', 'office', 'jackson', 'mississippi', 'focused', 'long', 'term', 'planning', 'initiatives', 'creative', 'placemaking', 'address', 'systemic', 'issues', 'like', 'food', 'insecurity', 'urban', 'mobility']",positive
2021-05-03 16:15:48+00:00,51,1389252359012954116,"""Mothers participating in Magnolia Mother‚Äôs Trust (MMT), a program that provides Black mothers living in federally subsidized housing in Jackson, Mississippi $1,000 per month for one year, saw a decrease in food insecurity and an increase in the ability to cover basic needs."" https://t.co/HsGKF5KRnM",SpringboardToOp,"Jackson, MS",0,4,5,1,0.6249,0.055,0.789,0.156,2021,5,3,Monday,2021-05-03,2021-05, mothers participating in magnolia mother s trust mmt a program that provides black mothers living in federally subsidized housing in jackson mississippi   per month for one year saw a decrease in food insecurity and an increase in the ability to cover basic needs ,"['mothers', 'participating', 'magnolia', 'mother', 'trust', 'mmt', 'program', 'provides', 'black', 'mothers', 'living', 'federally', 'subsidized', 'housing', 'jackson', 'mississippi', 'per', 'month', 'one', 'year', 'saw', 'decrease', 'food', 'insecurity', 'increase', 'ability', 'cover', 'basic', 'needs']",positive
2020-10-26 06:38:15+00:00,52,1320615709756436481,"As a part of Dole's promise to make healthy food accessible to all, Dole developed a program to combat food insecurity in Jackson, Mississippi and is now looking to expand into other communities.

Learn how to nominate your city here:
https://t.co/c7mwSX6uJA",pier_sigismondi,,0,0,2,0,0.2732,0.107,0.742,0.151,2020,10,26,Monday,2020-10-26,2020-10,as a part of dole s promise to make healthy food accessible to all dole developed a program to combat food insecurity in jackson mississippi and is now looking to expand into other communities learn how to nominate your city here ,"['part', 'dole', 'promise', 'make', 'healthy', 'food', 'accessible', 'dole', 'developed', 'program', 'combat', 'food', 'insecurity', 'jackson', 'mississippi', 'looking', 'expand', 'communities', 'learn', 'nominate', 'city']",positive
2020-09-14 17:47:33+00:00,53,1305563852105449480,"A @nytimes article around food insecurity fts. our Clover Mini at Dude with the Food in Jackson, Mississippi as they provide snacks and meals, piece together assistance, community support &amp; help neighbors make it from one month to the next. Read more: https://t.co/68HXSEbVpl",clovercommerce, (855) 811-8970,0,3,6,0,0.3818,0.058,0.83,0.112,2020,9,14,Monday,2020-09-14,2020-09,a nytimes article around food insecurity fts our clover mini at dude with the food in jackson mississippi as they provide snacks and meals piece together assistance community support amp help neighbors make it from one month to the next read more ,"['nytimes', 'article', 'around', 'food', 'insecurity', 'fts', 'clover', 'mini', 'dude', 'food', 'jackson', 'mississippi', 'provide', 'snacks', 'meals', 'piece', 'together', 'assistance', 'community', 'support', 'help', 'neighbors', 'make', 'one', 'month', 'next', 'read']",positive
2020-09-06 22:54:33+00:00,54,1302742008893591554,"Help Jackson Mississippi residents fight hunger. 25% of the children live in food insecurity. It takes 1 minute to give to Stewpot Community Services Everyday Giving Page. Join me, give up your weekly coffee $$$ and help them reach their goal! https://t.co/C10QgHKBM1",LauerAmy,"California, USA",0,1,1,0,0.4574,0.14,0.644,0.216,2020,9,6,Sunday,2020-09-06,2020-09,help jackson mississippi residents fight hunger  of the children live in food insecurity it takes  minute to give to stewpot community services everyday giving page join me give up your weekly coffee and help them reach their goal ,"['help', 'jackson', 'mississippi', 'residents', 'fight', 'hunger', 'children', 'live', 'food', 'insecurity', 'takes', 'minute', 'give', 'stewpot', 'community', 'services', 'everyday', 'giving', 'page', 'join', 'give', 'weekly', 'coffee', 'help', 'reach', 'goal']",positive
2020-07-22 15:25:26+00:00,55,1285959145628327940,"This @PBS special takes a look at the extensive impact that industrial food systems currently have on Americans as told by advocates in Jackson, Mississippi who are using localized efforts to address food insecurity in under-served communities.

https://t.co/QWVsve3s9I",BmoreHealthyFS,"Baltimore, MD",0,2,2,0,-0.0258,0.067,0.867,0.065,2020,7,22,Wednesday,2020-07-22,2020-07,this pbs special takes a look at the extensive impact that industrial food systems currently have on americans as told by advocates in jackson mississippi who are using localized efforts to address food insecurity in under served communities ,"['pbs', 'special', 'takes', 'look', 'extensive', 'impact', 'industrial', 'food', 'systems', 'currently', 'americans', 'told', 'advocates', 'jackson', 'mississippi', 'using', 'localized', 'efforts', 'address', 'food', 'insecurity', 'served', 'communities']",negative
2020-05-10 14:00:01+00:00,57,1259483331756003331,"Jackson, Mississippi's young people facing unemployment and food insecurity due to COVID, organize around collective demands for universal healthcare, food sovereignty, environmental justice &amp; affordable housing.

These Southern youngsters know what's up. https://t.co/kn8HMb2MkW",scalawagmag,"Durham, ATL, Birmingham & NOLA",0,5,10,0,-0.3182,0.146,0.767,0.087,2020,5,10,Sunday,2020-05-10,2020-05,jackson mississippi s young people facing unemployment and food insecurity due to covid organize around collective demands for universal healthcare food sovereignty environmental justice amp affordable housing these southern youngsters know what s up ,"['jackson', 'mississippi', 'young', 'people', 'facing', 'unemployment', 'food', 'insecurity', 'due', 'covid', 'organize', 'around', 'collective', 'demands', 'universal', 'healthcare', 'food', 'sovereignty', 'environmental', 'justice', 'affordable', 'housing', 'southern', 'youngsters', 'know']",negative
2019-03-25 19:00:48+00:00,58,1110255226181877762,"Senior Staff Writer Coleman Numbers reflects on his trip to Jackson, Mississippi as part of a VOLbreaks service trip, and shares his experience there with 'food insecurity'

https://t.co/OHbrehIdYT",UTKDailyBeacon,"Knoxville, Tennessee",0,0,0,0,-0.1531,0.09,0.839,0.071,2019,3,25,Monday,2019-03-25,2019-03,senior staff writer coleman numbers reflects on his trip to jackson mississippi as part of a volbreaks service trip and shares his experience there with food insecurity ,"['senior', 'staff', 'writer', 'coleman', 'numbers', 'reflects', 'trip', 'jackson', 'mississippi', 'part', 'volbreaks', 'service', 'trip', 'shares', 'experience', 'food', 'insecurity']",negative
2018-11-29 17:56:10+00:00,60,1068201971583205376,"Former NY Mayor Michael #Bloomberg in Jackson, #Mississippi, announces $1M grant for Jackson, #Mississippi, for public art focusing on food insecurity. Behind him, Jackson Mayor Chokwe Antar Lumumba &amp; planning director Mukesh Kumar. https://t.co/4QO4fQLcnh",EWagsterPettus,"Jackson, Miss.",3,6,10,3,-0.0772,0.075,0.858,0.067,2018,11,29,Thursday,2018-11-29,2018-11,former ny mayor michael bloomberg in jackson mississippi announces  grant for jackson mississippi for public art focusing on food insecurity behind him jackson mayor chokwe antar lumumba amp planning director mukesh kumar ,"['former', 'ny', 'mayor', 'michael', 'bloomberg', 'jackson', 'mississippi', 'announces', 'grant', 'jackson', 'mississippi', 'public', 'art', 'focusing', 'food', 'insecurity', 'behind', 'jackson', 'mayor', 'chokwe', 'antar', 'lumumba', 'planning', 'director', 'mukesh', 'kumar']",negative
2018-08-08 15:50:45+00:00,61,1027220578447421440,"Sad√© Meeks recently graduated from @CalStateLA with a master's in Nutritional Science. She plans to use her knowledge and expertise to improve food insecurity in her hometown of Jackson, Mississippi. https://t.co/oYDysuzE12 https://t.co/oEmBuequmI",XuCalStateLA,"Los Angeles, CA",0,2,11,0,0.0258,0.078,0.84,0.081,2018,8,8,Wednesday,2018-08-08,2018-08,sad meeks recently graduated from calstatela with a master s in nutritional science she plans to use her knowledge and expertise to improve food insecurity in her hometown of jackson mississippi ,"['sad', 'meeks', 'recently', 'graduated', 'calstatela', 'master', 'nutritional', 'science', 'plans', 'use', 'knowledge', 'expertise', 'improve', 'food', 'insecurity', 'hometown', 'jackson', 'mississippi']",positive
2019-01-16 20:05:26+00:00,62,1085629117670875138,"Sickened by absurdity of natural-disaster-style pleas for contributions to food banks &amp; utility bill, health funds because of @realDonaldTrump and his manmade catastrophe. That said, what can we do to help in Jackson, Mississippi area?",jch2407_girl,Never Banned from ShoppingMall,0,0,3,0,-0.7351,0.185,0.751,0.063,2019,1,16,Wednesday,2019-01-16,2019-01,sickened by absurdity of natural disaster style pleas for contributions to food banks amp utility bill health funds because of realdonaldtrump and his manmade catastrophe that said what can we do to help in jackson mississippi area ,"['sickened', 'absurdity', 'natural', 'disaster', 'style', 'pleas', 'contributions', 'food', 'banks', 'utility', 'bill', 'health', 'funds', 'realdonaldtrump', 'manmade', 'catastrophe', 'said', 'help', 'jackson', 'mississippi', 'area']",negative
2021-09-14 16:06:06+00:00,64,1437809894623748099,"We are so excited to announce the schedule for our Fertile Ground weekend October 8-9 to celebrate the culmination of the project! Over the past two years we have been able to present over 20 installations around the city of Jackson. 1/üßµ 

#fertilegroundjxn https://t.co/sMb1nVxoKw",_fertileground_,"Jackson, MS",1,1,2,1,0.7969,0.0,0.858,0.142,2021,9,14,Tuesday,2021-09-14,2021-09,we are so excited to announce the schedule for our fertile ground weekend october   to celebrate the culmination of the project over the past two years we have been able to present over  installations around the city of jackson  fertilegroundjxn ,"['excited', 'announce', 'schedule', 'fertile', 'ground', 'weekend', 'october', 'celebrate', 'culmination', 'project', 'past', 'two', 'years', 'able', 'present', 'installations', 'around', 'city', 'jackson', 'fertilegroundjxn']",positive
2020-08-24 17:08:36+00:00,65,1297943904080232454,"‚ÄùThe monster is seemingly in a food deficient environment, however that does not stop him from finding the opportunity to eat. I feel like this design aligns with the values of the Fertile Ground project and that of an upcoming artist.

#fertilegroundjxn 
#thisisfertileground",_fertileground_,"Jackson, MS",1,0,2,0,0.8355,0.0,0.798,0.202,2020,8,24,Monday,2020-08-24,2020-08, the monster is seemingly in a food deficient environment however that does not stop him from finding the opportunity to eat i feel like this design aligns with the values of the fertile ground project and that of an upcoming artist fertilegroundjxn thisisfertileground,"['monster', 'seemingly', 'food', 'deficient', 'environment', 'however', 'stop', 'finding', 'opportunity', 'eat', 'feel', 'like', 'design', 'aligns', 'values', 'fertile', 'ground', 'project', 'upcoming', 'artist', 'fertilegroundjxn', 'thisisfertileground']",positive
2020-08-12 19:01:46+00:00,66,1293623730296496128,"Food is the epicenter of family gatherings‚Äî the absence of good food restricts a community‚Äôs ability to celebrate, heal, learn, and create.

#jxnms
#goodthingsjxn
#fertilegroundjxn 
#thisisfertileground
#muralsjxn
#foodsecurity
#publicartchallenge",_fertileground_,"Jackson, MS",0,1,3,0,0.8271,0.062,0.643,0.295,2020,8,12,Wednesday,2020-08-12,2020-08,food is the epicenter of family gatherings the absence of good food restricts a community s ability to celebrate heal learn and create jxnms goodthingsjxn fertilegroundjxn thisisfertileground muralsjxn foodsecurity publicartchallenge,"['food', 'epicenter', 'family', 'gatherings', 'absence', 'good', 'food', 'restricts', 'community', 'ability', 'celebrate', 'heal', 'learn', 'create', 'jxnms', 'goodthingsjxn', 'fertilegroundjxn', 'thisisfertileground', 'muralsjxn', 'foodsecurity', 'publicartchallenge']",positive
2020-06-10 20:23:04+00:00,67,1270813757208514561,The Film | #FertileGroundJXN  https://t.co/t1LMCaPp25,jxntransplants,"Jackson, MS",0,1,2,0,0.0,0.0,1.0,0.0,2020,6,10,Wednesday,2020-06-10,2020-06,the film fertilegroundjxn ,"['film', 'fertilegroundjxn']",neutral
2020-04-22 14:08:16+00:00,68,1252962426770898946,"Today marks the 50th anniversary of Earth Day and the anniversary of the signing of the Paris Agreement to take climate action. 

#EarthRise #EarthDay2020 #sustainability #thisisfertileground #fertileground #fertilegroundjxn #jxnms https://t.co/g7nArrjxUt",_fertileground_,"Jackson, MS",1,3,4,0,0.4939,0.0,0.901,0.099,2020,4,22,Wednesday,2020-04-22,2020-04,today marks the  anniversary of earth day and the anniversary of the signing of the paris agreement to take climate action earthrise  sustainability thisisfertileground fertileground fertilegroundjxn jxnms ,"['today', 'marks', 'anniversary', 'earth', 'day', 'anniversary', 'signing', 'paris', 'agreement', 'take', 'climate', 'action', 'earthrise', 'sustainability', 'thisisfertileground', 'fertileground', 'fertilegroundjxn', 'jxnms']",positive
2020-04-02 17:22:58+00:00,69,1245763667548921857,"‚ÄúWhat happens in South Jackson is what happens everywhere right, you have white flight, then you have economic flight‚Äù - @skippcoon 

#fertileground #thisisfertileground #fertilegroundjxn #foodinsecurity #foodaccess #publicart #publicartchallenge #jacksonmississippi https://t.co/SOdqIH3QUH",_fertileground_,"Jackson, MS",1,12,13,0,0.0,0.0,1.0,0.0,2020,4,2,Thursday,2020-04-02,2020-04, what happens in south jackson is what happens everywhere right you have white flight then you have economic flight skippcoon fertileground thisisfertileground fertilegroundjxn foodinsecurity foodaccess publicart publicartchallenge jacksonmississippi ,"['happens', 'south', 'jackson', 'happens', 'everywhere', 'right', 'white', 'flight', 'economic', 'flight', 'skippcoon', 'fertileground', 'thisisfertileground', 'fertilegroundjxn', 'foodinsecurity', 'foodaccess', 'publicart', 'publicartchallenge', 'jacksonmississippi']",neutral
2020-01-17 15:12:28+00:00,70,1218189350057455618,"@JacksonMedMall Her family has been farming in the #Delta since 1948 &amp; more recently at Jubilee Ranch located in Jackson where they farm grass-fed cattle, soybeans and much more. She has a passion for organic farming, fighting food insecurities, empowering the youth! 

#fertilegroundjxn #jxnms",_fertileground_,"Jackson, MS",0,0,1,0,-0.3802,0.113,0.827,0.06,2020,1,17,Friday,2020-01-17,2020-01, jacksonmedmall her family has been farming in the delta since  amp more recently at jubilee ranch located in jackson where they farm grass fed cattle soybeans and much more she has a passion for organic farming fighting food insecurities empowering the youth fertilegroundjxn jxnms,"['jacksonmedmall', 'family', 'farming', 'delta', 'since', 'recently', 'jubilee', 'ranch', 'located', 'jackson', 'farm', 'grass', 'fed', 'cattle', 'soybeans', 'much', 'passion', 'organic', 'farming', 'fighting', 'food', 'insecurities', 'empowering', 'youth', 'fertilegroundjxn', 'jxnms']",negative
2020-01-10 14:52:27+00:00,71,1215647596913491968,"@BilalQizilbash The R U Hungry program feeds the hungry every Friday at 6 p.m. in downtown Jackson as well as in Brooklyn, New York on Sundays. Bilal pledges 2.5% of net profits from his company to the Draw-a-Smile Foundation. #fertilegroundjxn #thisisfertileground #RUhungry",_fertileground_,"Jackson, MS",0,0,0,0,0.6124,0.0,0.889,0.111,2020,1,10,Friday,2020-01-10,2020-01, bilalqizilbash the r u hungry program feeds the hungry every friday at  p m in downtown jackson as well as in brooklyn new york on sundays bilal pledges   of net profits from his company to the draw a smile foundation fertilegroundjxn thisisfertileground ruhungry,"['bilalqizilbash', 'r', 'u', 'hungry', 'program', 'feeds', 'hungry', 'every', 'friday', 'p', 'downtown', 'jackson', 'well', 'brooklyn', 'new', 'york', 'sundays', 'bilal', 'pledges', 'net', 'profits', 'company', 'draw', 'smile', 'foundation', 'fertilegroundjxn', 'thisisfertileground', 'ruhungry']",positive
2020-01-08 22:27:11+00:00,72,1215037257780015104,"The blueberries have arrived! 150 blueberry plants will be distributed amongst the Fertile Ground project sites at Galloway Elementary, Smith Park, and on Farish Street! They were grown by Finch Blueberry Nursery in NC and shipped bare-rooted üå±üå±üå± #fertilegroundjxn #jxnms https://t.co/dJ9LjJCZGy",_fertileground_,"Jackson, MS",0,0,5,0,0.0,0.0,1.0,0.0,2020,1,8,Wednesday,2020-01-08,2020-01,the blueberries have arrived  blueberry plants will be distributed amongst the fertile ground project sites at galloway elementary smith park and on farish street they were grown by finch blueberry nursery in nc and shipped bare rooted fertilegroundjxn jxnms ,"['blueberries', 'arrived', 'blueberry', 'plants', 'distributed', 'amongst', 'fertile', 'ground', 'project', 'sites', 'galloway', 'elementary', 'smith', 'park', 'farish', 'street', 'grown', 'finch', 'blueberry', 'nursery', 'nc', 'shipped', 'bare', 'rooted', 'fertilegroundjxn', 'jxnms']",neutral
2019-12-16 15:01:12+00:00,73,1206590103361118208,"Enrika Williams @ey_williams is a Jackson chef that grew up in West Point, where she helped her grandmother cook for her family, flipped through cookbooks for fun and watched culinary television icons such as Julia Child. #jxnms #FertileGroundjxn #FoodForThought https://t.co/8BG67LfVIP",_fertileground_,"Jackson, MS",1,2,8,1,0.5106,0.0,0.922,0.078,2019,12,16,Monday,2019-12-16,2019-12,enrika williams ey williams is a jackson chef that grew up in west point where she helped her grandmother cook for her family flipped through cookbooks for fun and watched culinary television icons such as julia child jxnms fertilegroundjxn foodforthought ,"['enrika', 'williams', 'ey', 'williams', 'jackson', 'chef', 'grew', 'west', 'point', 'helped', 'grandmother', 'cook', 'family', 'flipped', 'cookbooks', 'fun', 'watched', 'culinary', 'television', 'icons', 'julia', 'child', 'jxnms', 'fertilegroundjxn', 'foodforthought']",positive
2019-11-21 19:55:11+00:00,74,1197604390317838336,"Life Pro Tip: Sometimes a hunger pang is just your body signaling to you to drink more water! Our bodies are made up mostly from water, so it‚Äôs no wonder we need it often, and more than you‚Äôd think. #waterislife #fertilegroundjxn #jxnms https://t.co/v6d4FqJEW9",_fertileground_,"Jackson, MS",0,0,0,0,-0.5818,0.104,0.896,0.0,2019,11,21,Thursday,2019-11-21,2019-11,life pro tip sometimes a hunger pang is just your body signaling to you to drink more water our bodies are made up mostly from water so it s no wonder we need it often and more than you d think waterislife fertilegroundjxn jxnms ,"['life', 'pro', 'tip', 'sometimes', 'hunger', 'pang', 'body', 'signaling', 'drink', 'water', 'bodies', 'made', 'mostly', 'water', 'wonder', 'need', 'often', 'think', 'waterislife', 'fertilegroundjxn', 'jxnms']",negative
2019-11-20 15:27:25+00:00,75,1197174614897709057,@wurmworks That uses worms to breakdown food waste thru a process called vermicomposting. Giving your food waste to them instead of throwing it away can create a cleaner environment because worms can sequester carbon and methane gases. #wastenot #wastenotWednesday #fertilegroundjxn #jxnms,_fertileground_,"Jackson, MS",0,1,2,0,-0.1027,0.117,0.753,0.13,2019,11,20,Wednesday,2019-11-20,2019-11, wurmworks that uses worms to breakdown food waste thru a process called vermicomposting giving your food waste to them instead of throwing it away can create a cleaner environment because worms can sequester carbon and methane gases wastenot wastenotwednesday fertilegroundjxn jxnms,"['wurmworks', 'uses', 'worms', 'breakdown', 'food', 'waste', 'thru', 'process', 'called', 'vermicomposting', 'giving', 'food', 'waste', 'instead', 'throwing', 'away', 'create', 'cleaner', 'environment', 'worms', 'sequester', 'carbon', 'methane', 'gases', 'wastenot', 'wastenotwednesday', 'fertilegroundjxn', 'jxnms']",negative
2019-11-18 14:36:19+00:00,76,1196436981418512390,"They are engaging students through farm to school practices, building learning gardens, and hosting onsite farming workshops #thisisfertileground
#fertilegroundjxn #foodforthought #jxnms

2/2",_fertileground_,"Jackson, MS",0,1,9,0,0.34,0.0,0.897,0.103,2019,11,18,Monday,2019-11-18,2019-11,they are engaging students through farm to school practices building learning gardens and hosting onsite farming workshops thisisfertileground fertilegroundjxn foodforthought jxnms  ,"['engaging', 'students', 'farm', 'school', 'practices', 'building', 'learning', 'gardens', 'hosting', 'onsite', 'farming', 'workshops', 'thisisfertileground', 'fertilegroundjxn', 'foodforthought', 'jxnms']",positive
2019-11-15 15:26:59+00:00,77,1195362566857465856,"Local food supports the local economy. The money that is spent with local farmers and growers all stays close to home and is reinvested with businesses and services in your community. #thisisfertileground
#fertilegroundjxn #foodforthought #jxnms https://t.co/GXJhQeGBVP",_fertileground_,"Jackson, MS",0,1,5,0,0.3612,0.0,0.933,0.067,2019,11,15,Friday,2019-11-15,2019-11,local food supports the local economy the money that is spent with local farmers and growers all stays close to home and is reinvested with businesses and services in your community thisisfertileground fertilegroundjxn foodforthought jxnms ,"['local', 'food', 'supports', 'local', 'economy', 'money', 'spent', 'local', 'farmers', 'growers', 'stays', 'close', 'home', 'reinvested', 'businesses', 'services', 'community', 'thisisfertileground', 'fertilegroundjxn', 'foodforthought', 'jxnms']",positive
2019-11-11 14:32:28+00:00,78,1193899296921440260,"Beets can be a tasty and natural way to help: 
* lower your blood pressure
* improve athletic performance
* reduce inflammation
* maintain your digestive health
* healthy brain activity
* assist in weight loss
#foodforthought #fertilegroundjxn #jxnms",_fertileground_,"Jackson, MS",0,0,0,0,0.6249,0.135,0.646,0.218,2019,11,11,Monday,2019-11-11,2019-11,beets can be a tasty and natural way to help lower your blood pressure improve athletic performance reduce inflammation maintain your digestive health healthy brain activity assist in weight loss foodforthought fertilegroundjxn jxnms,"['beets', 'tasty', 'natural', 'way', 'help', 'lower', 'blood', 'pressure', 'improve', 'athletic', 'performance', 'reduce', 'inflammation', 'maintain', 'digestive', 'health', 'healthy', 'brain', 'activity', 'assist', 'weight', 'loss', 'foodforthought', 'fertilegroundjxn', 'jxnms']",positive
2019-11-07 15:37:09+00:00,79,1192466023997464576,"Peas are so dense with protein that many of the newer plant-based meats out there, like @beyondmeat, use peas for their source of protein.

All we are saying is give peas a chance!
#fertilegroundjxn #givepeasachance #plantbasedfoods",_fertileground_,"Jackson, MS",0,0,1,0,0.5848,0.0,0.876,0.124,2019,11,7,Thursday,2019-11-07,2019-11,peas are so dense with protein that many of the newer plant based meats out there like beyondmeat use peas for their source of protein all we are saying is give peas a chance fertilegroundjxn givepeasachance plantbasedfoods,"['peas', 'dense', 'protein', 'many', 'newer', 'plant', 'based', 'meats', 'like', 'beyondmeat', 'use', 'peas', 'source', 'protein', 'saying', 'give', 'peas', 'chance', 'fertilegroundjxn', 'givepeasachance', 'plantbasedfoods']",positive
2019-11-05 19:28:21+00:00,80,1191799430040752128,"Mississippi has some of the most fertile soil in the country. Today large industry dominates our land leaving us the most food insecure state in the country, but we can change that. Change takes place from the ground up. #fertilegroundjxn #sustainableagriculture #growthefuture https://t.co/bMXvTZShI4",_fertileground_,"Jackson, MS",0,1,3,0,-0.2357,0.046,0.929,0.025,2019,11,5,Tuesday,2019-11-05,2019-11,mississippi has some of the most fertile soil in the country today large industry dominates our land leaving us the most food insecure state in the country but we can change that change takes place from the ground up fertilegroundjxn sustainableagriculture growthefuture ,"['mississippi', 'fertile', 'soil', 'country', 'today', 'large', 'industry', 'dominates', 'land', 'leaving', 'us', 'food', 'insecure', 'state', 'country', 'change', 'change', 'takes', 'place', 'ground', 'fertilegroundjxn', 'sustainableagriculture', 'growthefuture']",negative
2019-11-01 23:09:39+00:00,81,1190405569917706240,"Great workshop today with Mississippi State‚Äôs Landscape Architecture, Architecture, Graphic Design, &amp; Education Program. Together all programs are collaboratively designing Galloway Elementary‚Äôs learning garden set to debut in April 2020!

#fertilegroundjxn #ediblecurriculum https://t.co/WwUSO0DHQj",_fertileground_,"Jackson, MS",0,1,4,1,0.6588,0.0,0.879,0.121,2019,11,1,Friday,2019-11-01,2019-11,great workshop today with mississippi state s landscape architecture architecture graphic design amp education program together all programs are collaboratively designing galloway elementary s learning garden set to debut in april  fertilegroundjxn ediblecurriculum ,"['great', 'workshop', 'today', 'mississippi', 'state', 'landscape', 'architecture', 'architecture', 'graphic', 'design', 'education', 'program', 'together', 'programs', 'collaboratively', 'designing', 'galloway', 'elementary', 'learning', 'garden', 'set', 'debut', 'april', 'fertilegroundjxn', 'ediblecurriculum']",positive
2019-08-30 21:26:32+00:00,82,1167549187061407750,Some of our favorite moments from Galloway Elementary üåüBack to Schoolüåü event with @_fertileground_  and our Galloway Elementary Site Council. #foodaccess #fertilegroundjxn #publicart https://t.co/pScToC1lom,jxnplanning,"Jackson, MS",0,2,7,0,0.4588,0.0,0.897,0.103,2019,8,30,Friday,2019-08-30,2019-08,some of our favorite moments from galloway elementary back to school event with fertileground and our galloway elementary site council foodaccess fertilegroundjxn publicart ,"['favorite', 'moments', 'galloway', 'elementary', 'back', 'school', 'event', 'fertileground', 'galloway', 'elementary', 'site', 'council', 'foodaccess', 'fertilegroundjxn', 'publicart']",positive
2019-07-09 13:58:38+00:00,83,1148592300576182273,"This survey will be used for research purposes that aims to enhance existing farms and support growth of future farms through policy, ordinances, infrastructure investment, workforce development, and other opportunities. Please support us by sharing this survey! #fertilegroundjxn",_fertileground_,"Jackson, MS",0,0,2,0,0.9324,0.0,0.667,0.333,2019,7,9,Tuesday,2019-07-09,2019-07,this survey will be used for research purposes that aims to enhance existing farms and support growth of future farms through policy ordinances infrastructure investment workforce development and other opportunities please support us by sharing this survey fertilegroundjxn,"['survey', 'used', 'research', 'purposes', 'aims', 'enhance', 'existing', 'farms', 'support', 'growth', 'future', 'farms', 'policy', 'ordinances', 'infrastructure', 'investment', 'workforce', 'development', 'opportunities', 'please', 'support', 'us', 'sharing', 'survey', 'fertilegroundjxn']",positive
2019-07-09 13:52:43+00:00,84,1148590811522748416,"This survey will be used for research purposes that aims to enhance existing farms and support growth of future farms through policy, ordinances, infrastructure investment, workforce development, and other opportunities. Please support us by sharing this survey! #fertilegroundjxn",jxnplanning,"Jackson, MS",0,0,2,0,0.9324,0.0,0.667,0.333,2019,7,9,Tuesday,2019-07-09,2019-07,this survey will be used for research purposes that aims to enhance existing farms and support growth of future farms through policy ordinances infrastructure investment workforce development and other opportunities please support us by sharing this survey fertilegroundjxn,"['survey', 'used', 'research', 'purposes', 'aims', 'enhance', 'existing', 'farms', 'support', 'growth', 'future', 'farms', 'policy', 'ordinances', 'infrastructure', 'investment', 'workforce', 'development', 'opportunities', 'please', 'support', 'us', 'sharing', 'survey', 'fertilegroundjxn']",positive
2019-06-19 21:08:20+00:00,85,1141452680130420738,Information about our Fertile Ground project and national artists! We're looking forward to the spring 2020 expo‚ú®üå∏‚ú® thanks for the article @archpaper. Hope you see there! #foodaccess #fertilegroundjxn #publicspaces https://t.co/5oGhKbThd4,_fertileground_,"Jackson, MS",0,0,2,0,0.8745,0.0,0.732,0.268,2019,6,19,Wednesday,2019-06-19,2019-06,information about our fertile ground project and national artists we re looking forward to the spring  expo thanks for the article archpaper hope you see there foodaccess fertilegroundjxn publicspaces ,"['information', 'fertile', 'ground', 'project', 'national', 'artists', 'looking', 'forward', 'spring', 'expo', 'thanks', 'article', 'archpaper', 'hope', 'see', 'foodaccess', 'fertilegroundjxn', 'publicspaces']",positive
2018-11-30 16:07:27+00:00,86,1068536996753301504,Here are some more photos of the @BloombergDotOrg Public Art Challenge Ceremony. #fertilegroundjxn https://t.co/Vr76aOu1oO,DJP_Downtown,"Downtown Jackson, Mississippi",0,0,0,0,0.0772,0.0,0.909,0.091,2018,11,30,Friday,2018-11-30,2018-11,here are some more photos of the bloombergdotorg public art challenge ceremony fertilegroundjxn ,"['photos', 'bloombergdotorg', 'public', 'art', 'challenge', 'ceremony', 'fertilegroundjxn']",positive
2018-11-30 16:05:50+00:00,87,1068536592191668233,"Today, we‚Äôre honored to be named a winner in the 2018 Bloomberg Philanthropies Public Art Challenge, receiving up to $1 million from @bloombergdotorg for our project, ‚ÄúFertile Ground: Inspiring Dialogue About Food Access.‚Äù #fertilegroundjxn https://t.co/dxarfo8w1X",DJP_Downtown,"Downtown Jackson, Mississippi",0,0,1,0,0.8934,0.0,0.726,0.274,2018,11,30,Friday,2018-11-30,2018-11,today we re honored to be named a winner in the  bloomberg philanthropies public art challenge receiving up to  million from bloombergdotorg for our project fertile ground inspiring dialogue about food access fertilegroundjxn ,"['today', 'honored', 'named', 'winner', 'bloomberg', 'philanthropies', 'public', 'art', 'challenge', 'receiving', 'million', 'bloombergdotorg', 'project', 'fertile', 'ground', 'inspiring', 'dialogue', 'food', 'access', 'fertilegroundjxn']",positive
2018-11-30 14:00:54+00:00,88,1068505151688843264,"As a @BloombergDotOrg #PublicArtChallenge Winner, @CityofJacksonMS will launch ""Fertile Ground: Inspiring Dialogue About #FoodAccess."" Thanks @ChokweALumumba &amp; @jxnplanning for leadership on #foodsecurity &amp; health for all! #fertilegroundjxn https://t.co/c3Ndyhz1hA https://t.co/gxhYnzBzxn",MadelineinDC,DC (Occupied Powhatan Land),0,1,4,0,0.8687,0.0,0.726,0.274,2018,11,30,Friday,2018-11-30,2018-11,as a bloombergdotorg publicartchallenge winner cityofjacksonms will launch fertile ground inspiring dialogue about foodaccess thanks chokwealumumba amp jxnplanning for leadership on foodsecurity amp health for all fertilegroundjxn ,"['bloombergdotorg', 'publicartchallenge', 'winner', 'cityofjacksonms', 'launch', 'fertile', 'ground', 'inspiring', 'dialogue', 'foodaccess', 'thanks', 'chokwealumumba', 'jxnplanning', 'leadership', 'foodsecurity', 'health', 'fertilegroundjxn']",positive
2018-11-30 07:54:55+00:00,89,1068413047402827776,"This is big: #fertilegroundjxn will reimagine southern-urban #foodsecurity through public art. 
cc: @MAZONusa @fractweets @newfoodeconomy @PublicHealth @PPS_Placemaking https://t.co/RHwGLfGmVz",MadelineinDC,DC (Occupied Powhatan Land),1,0,1,0,0.0,0.0,1.0,0.0,2018,11,30,Friday,2018-11-30,2018-11,this is big fertilegroundjxn will reimagine southern urban foodsecurity through public art cc mazonusa fractweets newfoodeconomy publichealth pps placemaking ,"['big', 'fertilegroundjxn', 'reimagine', 'southern', 'urban', 'foodsecurity', 'public', 'art', 'cc', 'mazonusa', 'fractweets', 'newfoodeconomy', 'publichealth', 'pps', 'placemaking']",neutral
2018-11-30 03:19:43+00:00,90,1068343793320112128,"Bloomberg Philanthropies has named Jackson, MS of its 2018 Public Art Challenge. Will now receive a $1 million grant for its project. Nick Wallace are among the individuals developing these programs, click the link #fertilegroundjxn #nickwallaceculinary https://t.co/iFJ9WnKKq2",reflectionchef,"Jackson, Mississippi",1,3,9,1,0.4215,0.0,0.902,0.098,2018,11,30,Friday,2018-11-30,2018-11,bloomberg philanthropies has named jackson ms of its  public art challenge will now receive a  million grant for its project nick wallace are among the individuals developing these programs click the link fertilegroundjxn nickwallaceculinary ,"['bloomberg', 'philanthropies', 'named', 'jackson', 'ms', 'public', 'art', 'challenge', 'receive', 'million', 'grant', 'project', 'nick', 'wallace', 'among', 'individuals', 'developing', 'programs', 'click', 'link', 'fertilegroundjxn', 'nickwallaceculinary']",positive
2018-11-29 20:27:21+00:00,91,1068240018433601537,We‚Äôre grateful to @BloombergDotOrg for this opportunity to raise awareness about food insecurity issues in our city &amp; promote local artists. #fertilegroundjxn https://t.co/BvyVA0O8hU,ChokweALumumba,"Jackson, MS",4,21,81,6,0.7227,0.091,0.62,0.289,2018,11,29,Thursday,2018-11-29,2018-11,we re grateful to bloombergdotorg for this opportunity to raise awareness about food insecurity issues in our city amp promote local artists fertilegroundjxn ,"['grateful', 'bloombergdotorg', 'opportunity', 'raise', 'awareness', 'food', 'insecurity', 'issues', 'city', 'promote', 'local', 'artists', 'fertilegroundjxn']",positive
2018-11-29 19:18:49+00:00,92,1068222771199729665,"#JacksonMS will receive the Bloomberg Philanthropies gift for the project, ‚ÄúFertile Ground: Inspiring Dialogue About #Food Access.‚Äù #fertilegroundjxn 

To learn more about the project and how you can be involved check out the site: https://t.co/2P2DgQ6hF2",NicLott,"Jackson, MS",0,0,1,1,0.6908,0.0,0.853,0.147,2018,11,29,Thursday,2018-11-29,2018-11, jacksonms will receive the bloomberg philanthropies gift for the project fertile ground inspiring dialogue about food access fertilegroundjxn to learn more about the project and how you can be involved check out the site ,"['jacksonms', 'receive', 'bloomberg', 'philanthropies', 'gift', 'project', 'fertile', 'ground', 'inspiring', 'dialogue', 'food', 'access', 'fertilegroundjxn', 'learn', 'project', 'involved', 'check', 'site']",positive
2018-11-29 18:15:53+00:00,93,1068206932744392705,Big news for @CityofJacksonMS: the city has won $1M in funding from the @bloomberg Foundation's 2018 #PublicArtChallenge. MAC is a proud to support the #fertilegroundjxn project! https://t.co/5uWkHe6RTU,MSarts,"Jackson, MS",2,9,26,4,0.8687,0.0,0.71,0.29,2018,11,29,Thursday,2018-11-29,2018-11,big news for cityofjacksonms the city has won  in funding from the bloomberg foundation s  publicartchallenge mac is a proud to support the fertilegroundjxn project ,"['big', 'news', 'cityofjacksonms', 'city', 'funding', 'bloomberg', 'foundation', 'publicartchallenge', 'mac', 'proud', 'support', 'fertilegroundjxn', 'project']",positive
2018-11-29 18:08:12+00:00,94,1068204999363227648,"Today, we‚Äôre honored to be named a winner in the 2018 @BloombergDotOrg Public Art Challenge, receiving up to $1 million from Bloomberg Philanthropies for our project, ‚ÄúFertile Ground: Inspiring Dialogue About Food Access.‚Äù #fertilegroundjxn https://t.co/N01QLdvmWR",jxnplanning,"Jackson, MS",0,3,5,0,0.8934,0.0,0.726,0.274,2018,11,29,Thursday,2018-11-29,2018-11,today we re honored to be named a winner in the  bloombergdotorg public art challenge receiving up to  million from bloomberg philanthropies for our project fertile ground inspiring dialogue about food access fertilegroundjxn ,"['today', 'honored', 'named', 'winner', 'bloombergdotorg', 'public', 'art', 'challenge', 'receiving', 'million', 'bloomberg', 'philanthropies', 'project', 'fertile', 'ground', 'inspiring', 'dialogue', 'food', 'access', 'fertilegroundjxn']",positive
